{
    "filter_name": "NANO",
    "model_name": "Air_Traffic",
    "noise_name": "Gaussian",
    "result_dir": null,
    "outlier_type": "direct",
    "random_seed": 42,
    "state_outlier_flag": false,
    "measurement_outlier_flag": true,
    "n_iterations": 1,
    "lr": 1,
    "delta": 15,
    "c": 20,
    "beta": 0.005,
    "loss_type": "beta_likelihood_loss",
    "N_exp": 100,
    "steps": 50,
    "x_rmse": [
        48.14765916075616,
        13.148184780660095,
        38.54046598644754,
        4.102759555446507,
        0.0026642108555528744
    ],
    "time": 0.019776837095922352
}