{
    "filter_name": "NANO",
    "model_name": "Air_Traffic",
    "noise_name": "Gaussian",
    "result_dir": null,
    "outlier_type": "direct",
    "random_seed": 42,
    "state_outlier_flag": false,
    "measurement_outlier_flag": true,
    "n_iterations": 1,
    "lr": 1,
    "delta": 15,
    "c": 5,
    "beta": 0.0001,
    "loss_type": "pseudo_huber_loss",
    "N_exp": 100,
    "steps": 50,
    "x_rmse": [
        50.18008071243335,
        13.410351036779172,
        45.44841115671871,
        4.60958636818373,
        0.002334007279384282
    ],
    "time": 0.021308727945600237
}