{
    "filter_name": "NANO",
    "model_name": "Air_Traffic",
    "noise_name": "Gaussian",
    "result_dir": null,
    "outlier_type": "direct",
    "random_seed": 42,
    "state_outlier_flag": false,
    "measurement_outlier_flag": true,
    "n_iterations": 1,
    "lr": 1,
    "delta": 3,
    "c": 5,
    "beta": 0.02,
    "loss_type": "pseudo_huber_loss",
    "N_exp": 100,
    "steps": 50,
    "x_rmse": [
        56.244820742775886,
        13.53392749454007,
        37.67176446419934,
        4.168614613268243,
        0.0029103239855641254
    ],
    "time": 0.017203396193835197
}