{
    "filter_name": "NANO",
    "model_name": "Air_Traffic",
    "noise_name": "Gaussian",
    "result_dir": null,
    "outlier_type": "direct",
    "random_seed": 42,
    "state_outlier_flag": false,
    "measurement_outlier_flag": true,
    "n_iterations": 1,
    "lr": 1,
    "delta": 15,
    "c": 20,
    "beta": 0.02,
    "loss_type": "beta_likelihood_loss",
    "N_exp": 100,
    "steps": 50,
    "x_rmse": [
        51.87205867960854,
        13.256869298047826,
        33.07813948469371,
        3.9218935919816444,
        0.003169873127977341
    ],
    "time": 0.018258453339946516
}