{
    "filter_name": "NANO",
    "model_name": "Air_Traffic",
    "noise_name": "Gaussian",
    "result_dir": null,
    "outlier_type": "direct",
    "random_seed": 42,
    "state_outlier_flag": false,
    "measurement_outlier_flag": true,
    "n_iterations": 1,
    "lr": 1,
    "delta": 15,
    "c": 5,
    "beta": 0.02,
    "loss_type": "weighted_log_likelihood_loss",
    "N_exp": 100,
    "steps": 50,
    "x_rmse": [
        64.33293784324805,
        13.317869243907513,
        35.844632047931675,
        4.463384025224631,
        0.003601291814193415
    ],
    "time": 0.01673955927089769
}