{
    "filter_name": "NANO",
    "model_name": "Air_Traffic",
    "noise_name": "Gaussian",
    "result_dir": null,
    "outlier_type": "direct",
    "random_seed": 42,
    "state_outlier_flag": false,
    "measurement_outlier_flag": true,
    "n_iterations": 1,
    "lr": 1,
    "delta": 15,
    "c": 10,
    "beta": 0.0001,
    "loss_type": "weighted_log_likelihood_loss",
    "N_exp": 100,
    "steps": 50,
    "x_rmse": [
        50.87374596879692,
        12.991547251799009,
        33.33658428104735,
        3.921329162635468,
        0.0030977220107091786
    ],
    "time": 0.016727290640071942
}