{
    "filter_name": "NANO",
    "model_name": "Air_Traffic",
    "noise_name": "Gaussian",
    "result_dir": null,
    "outlier_type": "direct",
    "random_seed": 42,
    "state_outlier_flag": false,
    "measurement_outlier_flag": false,
    "n_iterations": 1,
    "lr": 1,
    "delta": 5,
    "c": 5,
    "beta": 0.02,
    "loss_type": "log_likelihood_loss",
    "N_exp": 100,
    "steps": 50,
    "x_rmse": [
        44.94203724198717,
        12.82029096249916,
        29.468190060075823,
        3.680521350578395,
        0.0032418069955595526
    ],
    "time": 0.0019807642333361567
}