{
    "filter_name": "NANO",
    "model_name": "Air_Traffic",
    "noise_name": "Gaussian",
    "result_dir": null,
    "outlier_type": "direct",
    "random_seed": 42,
    "state_outlier_flag": false,
    "measurement_outlier_flag": true,
    "n_iterations": 1,
    "lr": 1,
    "delta": 15,
    "c": 20,
    "beta": 0.01,
    "loss_type": "beta_likelihood_loss",
    "N_exp": 100,
    "steps": 50,
    "x_rmse": [
        48.81057596365603,
        13.0903060447389,
        33.93611043771749,
        3.8630117780411775,
        0.002956347803292566
    ],
    "time": 0.022760216703220294
}