{
    "filter_name": "NANO",
    "model_name": "Air_Traffic",
    "noise_name": "Gaussian",
    "result_dir": null,
    "outlier_type": "direct",
    "random_seed": 42,
    "state_outlier_flag": false,
    "measurement_outlier_flag": true,
    "n_iterations": 1,
    "lr": 1,
    "delta": 5,
    "c": 5,
    "beta": 0.02,
    "loss_type": "log_likelihood_loss",
    "N_exp": 100,
    "steps": 50,
    "x_rmse": [
        56.004613531036576,
        14.433711326198104,
        65.02590764770949,
        5.943011711986936,
        0.0020285535577347527
    ],
    "time": 0.0020232692056772663
}