{
    "filter_name": "NANO",
    "model_name": "Air_Traffic",
    "noise_name": "Gaussian",
    "result_dir": null,
    "outlier_type": "direct",
    "random_seed": 42,
    "state_outlier_flag": false,
    "measurement_outlier_flag": true,
    "n_iterations": 1,
    "lr": 1,
    "delta": 15,
    "c": 20,
    "beta": 0.0001,
    "loss_type": "weighted_log_likelihood_loss",
    "N_exp": 100,
    "steps": 50,
    "x_rmse": [
        48.59424171395472,
        13.172182321736011,
        40.3762618178195,
        4.246544145751548,
        0.0025670763437317763
    ],
    "time": 0.016876289795856085
}