{
    "filter_name": "NANO",
    "model_name": "Air_Traffic",
    "noise_name": "Gaussian",
    "result_dir": null,
    "outlier_type": "direct",
    "random_seed": 42,
    "state_outlier_flag": false,
    "measurement_outlier_flag": true,
    "n_iterations": 1,
    "lr": 1,
    "delta": 10,
    "c": 5,
    "beta": 0.0001,
    "loss_type": "pseudo_huber_loss",
    "N_exp": 100,
    "steps": 50,
    "x_rmse": [
        49.5742261864977,
        13.239619652911937,
        40.85346707285443,
        4.299228669684066,
        0.0025756513392799297
    ],
    "time": 0.01972261978655445
}